{
  "DFFlagDisableDPIScale": "True",
  "DFFlagProbesStaggerUpdateCalls": "True",
  "DFFlagTaskSchedulerBlockingShutdownInClients": "True",
  "DFFlagTaskSchedulerMeasuresScheduledRestTime": "False",
  "DFFlagTaskSchedulerRescheduleAsForeground": "True",
  "DFIntGraphicsOptimizationModeMaxFrameTimeTargetMs": "15",
  "DFIntGraphicsOptimizationModeMinFrameTimeTargetMs": "10",
  "DFIntGraphicsOptimizationModePerformanceBiasPercent": "100",
  "DFIntMaxFrameBufferSize": "4",
  "DFIntPerformanceControlFrameTimeMax": "1",
  "DFIntPerformanceControlFrameTimeMaxUtility": "-1",
  "DFIntRuntimeConcurrency": "2147483647",
  "DFIntTaskSchedulerBackgroundCycleRateMs": "1",
  "DFIntTaskSchedulerBlockingShutdownTimeoutInMs": "0",
  "DFIntTaskSchedulerJobDeadlineMs": "0",
  "DFIntTaskSchedulerJobInGameExecFreqMax": "2147483647",
  "DFIntTaskSchedulerJobInGameExecFreqMin": "2147483647",
  "DFIntTaskSchedulerJobInGameThreads": "2147483647",
  "DFIntTaskSchedulerJobInitExecFreqMax": "2147483647",
  "DFIntTaskSchedulerJobInitExecFreqMin": "2147483647",
  "DFIntTaskSchedulerJobInitThreads": "2147483647",
  "DFIntTaskSchedulerProfilingMask": "4294967295",
  "DFIntTaskSchedulerTargetFps": "65535",
  "FFlagBaseThreadPoolUseRuntime2": "True",
  "FFlagCacheableContentProviderUsesRuntime": "True",
  "FFlagEnableHarmonyOnFrameRateManager4": "True",
  "FFlagEnableNCNNMLRuntimeBackend": "True",
  "FFlagFmodUseRuntimeThreading4": "True",
  "FFlagHandleAltEnterFullscreenManually": "False",
  "FFlagKeyframeSequenceUseRuntimeSyncPrims": "True",
  "FFlagMovePrerender": "True",
  "FFlagMovePrerenderV2": "True",
  "FFlagRenderCBRefactor2": "True",
  "FFlagRobloxInputUsesRuntime2": "True",
  "FFlagRuntimeStmExpEnabled8": "True",
  "FFlagSlimPropertySet3": "True",
  "FFlagSlimPropertySetStableHash": "True",
  "FFlagSlimService9": "True",
  "FFlagTaskSchedulerLimitTargetFpsTo2402": "False",
  "FFlagTaskThreadUsesRuntime2": "True",
  "FIntDefaultJitterN": "0",
  "FIntRenderNodeEnterSleepingFrames": "0",
  "FIntRuntimeMaxNumOfConditions": "6400000",
  "FIntRuntimeMaxNumOfDPCs": "6400000",
  "FIntRuntimeMaxNumOfLatches": "6400000",
  "FIntRuntimeMaxNumOfMutexes": "6400000",
  "FIntRuntimeMaxNumOfSchedulers": "6400000",
  "FIntRuntimeMaxNumOfSemaphores": "6400000",
  "FIntRuntimeMaxNumOfStrands": "6400000",
  "FIntRuntimeMaxNumOfThreads": "6400000",
  "FIntTaskSchedulerAsyncTasksMinimumThreadCount": "2147483647",
  "FIntTaskSchedulerAutoThreadLimit": "2147483647",
  "FIntTaskSchedulerJobMaxStackSizeBytes": "2147483647",
  "FIntTaskSchedulerMaxNumOfArbiters": "2147483647",
  "FIntTaskSchedulerMaxNumOfJobs": "2147483647",
  "FIntTaskSchedulerMaxStackSizeBytes": "2147483647",
  "FIntTaskSchedulerMaxTempArenaSizeBytes": "2147483647",
  "FIntTaskSchedulerTasksDefaultMaxCountPerCycle": "2147483647",
  "FIntTaskSchedulerTasksDefaultMaxTimeMsPerCycle": "1",
  "FIntTaskSchedulerThreadMin": "2147483647",
  "FFlagRenderUnifiedLighting16": "False",
  "FFlagRenderUnifiedLightingForwardCompatibleRbxl2": "False",
  "FFlagRenderUnifiedLightingNew": "False", "FStringInstancesToPoolByName": "Motor6D:200;Decal:100;Frame:200;Animation:200;Vector3Value:200;SpecialMesh:200;StringValue:200;ImageLabel:100;UIStroke:100;TextLabel:200;",
  "DFFlagDebugRenderForceTechnologyVoxel": "True"
}